Invigilator\TimeSlot,1,2,3,4,5,6
Abigail Smith,-,-,-,-,-,-
Alice Johnson,-,-,-,-,-,-
Amelia Brown,-,-,-,-,-,-
Andrew White,-,-,-,-,-,-
Annabelle Harris,-,-,-,-,-,-
Arthur Clark,-,-,-,-,-,-
Beatrice Lewis,-,-,-,-,-,-
Benjamin Walker,-,-,-,-,-,-
Catherine Young,-,-,-,-,-,-
Charles King,-,-,-,-,-,-
Charlotte Wright,-,-,-,-,-,-
Christopher Scott,-,-,-,-,-,-
Clara Green,-,-,-,-,-,-
Daniel Adams,-,-,-,-,-,-
David Baker,-,-,-,-,-,-
Dorothy Carter,-,-,-,-,-,-
Edward Turner,-,-,-,-,-,-
Eleanor Collins,-,-,-,-,-,-
Elizabeth Mitchell,-,-,-,-,-,-
Emily Perry,-,-,-,-,-,-
Emma Cook,-,-,-,-,-,-
Ethan Bailey,-,-,-,-,-,-
Florence Reed,-,-,-,-,-,-
Francis Morris,-,-,-,-,-,-
Frederick Bell,-,-,-,-,-,-
George Parker,-,-,-,-,-,-
Grace Murphy,-,-,-,-,-,-
Hannah Cooper,-,-,-,-,Advanced Calculus,-
Harriet Cox,-,-,-,-,-,-
Henry Richardson,-,-,-,-,-,-
Isabella Ward,-,-,-,-,-,-
Jack Howard,-,-,-,-,-,-
James Watson,-,-,-,-,-,-
Jane Brooks,-,-,-,-,-,-
John Sanders,-,-,-,-,-,-
Joseph Price,-,-,-,-,Advanced Calculus,-
Katherine Bennett,-,-,-,-,-,-
Laura Jenkins,-,-,-,-,-,-
Leonard Gray,-,-,-,-,-,-
Lily Long,-,-,-,-,-,-
Louisa Powell,-,-,-,-,-,-
Lucy Kelly,-,-,-,-,-,-
Lydia Patterson,-,-,-,-,-,-
Margaret Wood,-,-,-,-,-,-
Martha Butler,-,-,-,-,-,-
Mary Ross,-,-,-,-,-,-
Matilda Henderson,-,-,-,-,Advanced Calculus,-
Michael Hughes,-,-,-,-,-,-
Nathaniel Foster,-,-,-,-,-,-
Oliver Simmons,-,-,-,-,Advanced Calculus,-
Olivia Bryant,-,-,-,-,-,-
Patrick Foster,-,-,-,-,-,-
Penelope Edwards,-,-,-,-,Advanced Calculus,-
Peter Butler,-,-,-,-,-,-
Rachel Hughes,-,-,-,-,-,-
Rebecca Cook,-,-,-,-,-,-
Richard Kelly,-,-,-,-,-,-
Robert Price,-,-,-,-,Advanced Calculus,-
Rose Harris,-,-,-,-,-,-
Samuel Jenkins,-,-,-,-,-,-
Sarah Cox,-,-,-,-,-,-
Sophia Perry,-,-,-,-,-,-
Stephen Ward,-,-,-,-,-,-
Susan Collins,-,-,-,-,Advanced Calculus,-
Thomas Ross,-,-,-,-,-,-
Victoria Scott,-,-,-,-,-,-
Walter Gray,-,-,-,-,-,-
William Powell,-,-,-,-,-,-
Winifred Richardson,-,-,-,-,-,-
Zachary Brooks,-,-,-,-,-,-
Abigail Morris,-,-,-,-,Advanced Calculus,-
Alice Lewis,-,-,-,-,-,-
Amelia White,-,-,-,-,-,-
Andrew Smith,-,-,-,-,-,-
Annabelle Johnson,-,-,-,-,-,-
